adv_history_avant|sf_history
adv_western|adv_indian
aphorism_quote|aphorisms
beginning_authors|other
biography|nonf_biography
biogr_arts|nonf_biography
biogr_historical|nonf_biography
biogr_leaders|nonf_biography
biogr_professionals|nonf_biography
biogr_travel|nonf_biography
biz_accounting|accounting
biz_beogr|nonf_biography
biz_economics|economics
biz_life|popular_business
biz_management|popular_business
business|popular_business
child_4|children
child_9|children
child_animals|adv_animal,children
child_characters|children
child_history|children,prose_history
child_nature|adv_animal,children
chris_edu|religion_christianity
chris_fiction|religion_christianity
chris_orthodoxy|religion_orthodoxy
chris_pravoslavie|religion_orthodoxy
cinema_theatre|cine
city_fantasy|sf_fantasy_city
comp_programming|comp_db
comp_www|computers
cooking|home_cooking
dragon_fantasy|sf_fantasy
entert_humor|humor
essays|story
family_health|home_health
family_parenting|sci_pedagogy
family_pregnancy|home_sex,home_health
family_relations|family
fantasy_alt_hist|sf_history
fantasy_fight|sf_action
ficion|epistolary_fiction
foreign_action|det_action
foreign_adventure|adventure
foreign_business|popular_business
foreign_contemporary|prose_contemporary
foreign_detective|detective
foreign_dramaturgy|dramaturgy
foreign_edu|sci_popular
foreign_fantasy|sf_fantasy
foreign_home|home
foreign_love|love
foreign_poetry|poetry
foreign_psychology|sci_psychology
foreign_publicism|nonf_publicism
foreign_religion|religion
foreign_sf|sf
global_economy|sci_economy
health|home_health
health_alt_medicine|sci_medicine_alternative
health_men|home_health
health_nutrition|home_health
health_psy|home_health
health_rel|home_health
health_self_help|home_health
health_sex|home_health
health_women|home_health
histor_military|military_history
historical_fantasy|sf_history
history|sci_history
history_ancient|sci_history
history_asia|sci_history
history_australia|sci_history
history_europe|sci_history
history_middle_east|sci_history
history_military_science|sci_history
history_russia|sci_history
history_usa|sci_history
history_world|sci_history
horror|sf_horror
horror_fantasy|sf_horror,sf_fantasy
horror_occult|sf_horror
horror_usa|sf_horror
horror_vampires|sf_horror
humor_fantasy|sf_humor
job_hunting|popular_business
literature|prose
literature_adv|adv_story
literature_books|prose
literature_british|prose
literature_classics|prose_classic
literature_critic|nonf_criticism
literature_drama|drama
literature_erotica|love_erotica
literature_essay|story
literature_fairy|fairy_fantasy
literature_history|prose_history
literature_poetry|poetry
literature_political|sci_politics
literature_religion|religion
literature_rus_classsic|prose_rus_classic
literature_sea|adv_maritime
literature_short|story
literature_su_classics|prose_su_classics
literature_usa|prose
literature_war|prose_military
literature_western|adv_indian
literature_women|prose
literature_world|foreign_prose
love_fantasy|love_sf
magician_book|sf_fantasy
management|economics_ref
marketing|org_behavior
military_arts|prose_military
music_dancing|music
mystery|sf_mystic
nonfiction_crime|det_crime
nonfiction_edu|reference
nonfiction_folklor|folklore
nonfiction_law|sci_juris
nonfiction_philosophy|sci_philosophy
nonfiction_politics|sci_politics
nonfiction_spec_group|nonfiction
nonfiction_true_accounts|nonfiction
outdoors_conservation|home_cooking
outdoors_fauna|reference
outdoors_hunt_fish|home_crafts
outdoors_nature_writing|home_crafts
outdoors_travel|geo_guides
people|sci_politics
performance|prose_neformatny
personal_finance|economics_ref
popadanec|popadancy
proce|prose
professional_law|sci_juris
prose_root|prose
psy_childs|sci_psychology
psy_generic|sci_psychology
psy_personal|sci_psychology
psy_sex_and_family|sci_psychology,home_sex,family
psy_social|sci_psychology
psy_theraphy|sci_psychology
real_estate|economics_ref
rel_boddizm|religion_budda
religion_buddhism|religion_budda
religion_east|religion
religion_occult|religion
religion_rel|religion
religion_spirituality|religion
roman|
romance|love
romance_contemporary|love_contemporary
romance_fantasy|love_sf
romance_historical|love_history
romance_multicultural|love
romance_romantic_suspense|love
romance_sf|love_sf
russian_contemporary|love_contemporary
samizdat|network_literature
sci_business|economics_ref
science_archaeology|science
science_biolog|sci_biology
science_earth|sci_geo
science_history_philosophy|sci_philosophy
science_medicine|sci_medicine
science_psy|sci_psychology
SF|sf
sf_cyber_punk|sf_cyberpunk
sf_history_avant|sf_history
short_story|story
small_business|economics_ref
Socialites -- Fiction|sf_social
sport|home_sport
stock|banking
teens_health|home_health
teens_history|det_history
teens_literature|children
teens_sf|child_sf
teens_social|sci_pedagogy,home_sex
thriller_mystery|thriller
thriller_police|thriller
travel|travel_notes
travel_africa|travel_notes
travel_asia|travel_notes
travel_europe|travel_notes
travel_ex_ussr|travel_notes
travel_guidebook_series|travel_notes
travel_lat_am|travel_notes
travel_polar|travel_notes
travel_spec|travel_notes
unrecognised|other
Upper class -- Fiction|sf
vampire_book|sf_horror
visual_arts|painting
women_single|love
Биографии и мемуары|nonf_biography
история|sci_history
История|sci_history
Любовное фэнтези|love_sf
Научная фантастика|sf
поэзия|poetry
Приключения|adventure
Самосовершенствование|religion_self
Современная Проза|prose_contemporary
Современные любовные романы|love_contemporary
Современный любовный роман|love_contemporary
Фантастика / Фэнтези / Попаданцы / Боевик|popadancy
Эротическое фэнтези|love_sf
Физика|sci_phys
Биология|sci_biology
Зарубежная психология|sci_psychology
Зарубежная образовательная литература|sci_popular
Прочая образовательная литература|sci_popular
научно-популярное издание|sci_popular
Психотерапия и консультирование|sci_psychology
Химия|sci_chem
Шпионский Детектив|det_espionage
comp_osnet|comp_www
sf_writing|sf_etc
